{"-75.0-1056.9665527344":{"heading":-75.0,"y":1645.2022705078,"z":377.34326171875,"x":1056.9665527344,"prophash":-965956337},"0.0--2719.7021484375":{"heading":0.0,"y":700.42736816406,"z":177.84034729004,"prophash":-544132417,"x":-2719.7021484375},"-301.0--6.3067598342896":{"heading":-301.0,"y":1530.9597167969,"z":114.12734985352,"x":-6.3067598342896,"prophash":-274241402},"-164.0-2.5151510238647":{"heading":-164.0,"y":1507.3732910156,"z":115.47946166992,"x":2.5151510238647,"prophash":1542239325},"0.0-1065.3051757812":{"heading":0.0,"y":1600.0361328125,"z":370.73779296875,"x":1065.3051757812,"prophash":-544132417},"0.0-776.03631591797":{"heading":0.0,"y":843.31982421875,"z":122.47351837158,"x":776.03631591797,"prophash":-388027337},"0.0-1050.0285644531":{"heading":0.0,"y":1634.4169921875,"z":377.20776367188,"x":1050.0285644531,"prophash":-544132417},"0.0--2721.5788574219":{"heading":0.0,"y":681.38549804688,"z":176.31156921387,"prophash":1569441794,"x":-2721.5788574219},"-25.0-1063.7860107422":{"heading":-25.0,"y":1639.3189697266,"z":376.29440307617,"x":1063.7860107422,"prophash":-965956337},"0.0-1046.3811035156":{"heading":0.0,"y":1643.5355224609,"z":378.89965820312,"x":1046.3811035156,"prophash":174418135},"-159.0--1441.4642333984":{"heading":-159.0,"y":-1077.0823974609,"z":75.455589294434,"x":-1441.4642333984,"prophash":1841703198},"137.0-1059.787109375":{"heading":137.0,"y":1641.7507324219,"z":376.98153686523,"x":1059.787109375,"prophash":-965956337},"0.0-46.107475280762":{"heading":0.0,"y":1524.3115234375,"z":115.86191558838,"x":46.107475280762,"prophash":-544132417},"-256.0--1388.2440185547":{"heading":-256.0,"y":-1069.05859375,"z":76.696578979492,"x":-1388.2440185547,"prophash":-1021910969},"0.0--14.249225616455":{"heading":0.0,"y":1536.4276123047,"z":113.84698486328,"x":-14.249225616455,"prophash":-1390621783},"0.0--14.285747528076":{"heading":0.0,"y":1485.6527099609,"z":117.26763153076,"x":-14.285747528076,"prophash":-1287050084},"0.0--2726.8215332031":{"heading":0.0,"y":702.65966796875,"z":174.84153747559,"prophash":-544132417,"x":-2726.8215332031},"0.0-4.4271450042725":{"heading":0.0,"y":1511.3634033203,"z":115.44130706787,"x":4.4271450042725,"prophash":-544132417},"147.0--13.648488998413":{"heading":147.0,"y":1513.8044433594,"z":114.8667678833,"x":-13.648488998413,"prophash":1542239325},"23.0-9.5744152069092":{"heading":23.0,"y":1530.5805664062,"z":114.84466552734,"x":9.5744152069092,"prophash":1229219138},"0.0--10.013315200806":{"heading":0.0,"y":1514.8725585938,"z":114.77345275879,"x":-10.013315200806,"prophash":-544132417},"0.0-1111.5986328125":{"heading":0.0,"y":1659.8591308594,"z":374.3854675293,"x":1111.5986328125,"prophash":-544132417},"0.0-778.16418457031":{"heading":0.0,"y":846.64544677734,"z":122.45908355713,"x":778.16418457031,"prophash":610166083},"0.0-2.9635381698608":{"heading":0.0,"y":1524.4555664062,"z":114.82151794434,"x":2.9635381698608,"prophash":-544132417},"0.0-1255.7978515625":{"heading":0.0,"y":1161.3831787109,"z":150.78094482422,"x":1255.7978515625,"prophash":634946146},"-73.0-776.90350341797":{"heading":-73.0,"y":848.52386474609,"z":122.46614837646,"x":776.90350341797,"prophash":1981559154},"0.0--1.0665032863617":{"heading":0.0,"y":1509.8685302734,"z":115.18695068359,"x":-1.0665032863617,"prophash":-544132417},"27.0-1038.802734375":{"heading":27.0,"y":1644.4742431641,"z":378.42990112305,"x":1038.802734375,"prophash":1229219138},"0.0-7.7632894515991":{"heading":0.0,"y":1532.5623779297,"z":114.77313995361,"x":7.7632894515991,"prophash":-1279776992},"0.0--2723.5239257812":{"heading":0.0,"y":700.89935302734,"z":176.75917053223,"prophash":-544132417,"x":-2723.5239257812},"23.0--20.792856216431":{"heading":23.0,"y":1471.4467773438,"z":117.84906768799,"x":-20.792856216431,"prophash":1178039658},"16.0--2725.693359375":{"heading":16.0,"y":700.99377441406,"z":176.87634277344,"prophash":61143397,"x":-2725.693359375},"0.0--2729.658203125":{"heading":0.0,"y":715.056640625,"z":170.76637268066,"prophash":1569441794,"x":-2729.658203125},"0.0-1040.6732177734":{"heading":0.0,"y":1641.4158935547,"z":378.58123779297,"x":1040.6732177734,"prophash":-544132417},"0.0--24.140445709229":{"heading":0.0,"y":1495.4274902344,"z":115.54544830322,"x":-24.140445709229,"prophash":-965956337},"0.0-1041.4187011719":{"heading":0.0,"y":1674.7113037109,"z":375.50738525391,"x":1041.4187011719,"prophash":-544132417},"0.0-440.96560668945":{"heading":0.0,"y":1726.0411376953,"z":131.7699432373,"x":440.96560668945,"prophash":-1194833913},"0.0--2728.3662109375":{"heading":0.0,"y":704.04022216797,"z":174.69570922852,"prophash":634946146,"x":-2728.3662109375},"-12.0--6.541232585907":{"heading":-12.0,"y":1494.6055908203,"z":116.95087432861,"x":-6.541232585907,"prophash":-965956337},"-118.0-903.95703125":{"heading":-118.0,"y":271.0158996582,"z":116.86087036133,"x":903.95703125,"prophash":1229219138},"-36.0-1039.2026367188":{"heading":-36.0,"y":1649.1967773438,"z":379.9963684082,"x":1039.2026367188,"prophash":1229219138},"-226.0-1111.9409179688":{"heading":-226.0,"y":1659.9953613281,"z":374.37176513672,"x":1111.9409179688,"prophash":-1287050084},"203.0-9.6728200912476":{"heading":203.0,"y":1518.4055175781,"z":115.61795806885,"x":9.6728200912476,"prophash":1519325373},"0.0-8.0588521957397":{"heading":0.0,"y":1535.3006591797,"z":114.66624450684,"x":8.0588521957397,"prophash":1229219138},"146.0--2.8201956748962":{"heading":146.0,"y":1541.501953125,"z":113.92192840576,"x":-2.8201956748962,"prophash":61143397},"-165.0--1445.2690429688":{"heading":-165.0,"y":-1078.5297851562,"z":76.488121032715,"x":-1445.2690429688,"prophash":1841703198},"0.0--2720.1352539062":{"heading":0.0,"y":681.20703125,"z":176.31517028809,"prophash":1569441794,"x":-2720.1352539062},"0.0-1040.587890625":{"heading":0.0,"y":1681.6394042969,"z":375.93856811523,"x":1040.587890625,"prophash":-544132417},"0.0--2721.7016601562":{"heading":0.0,"y":681.77484130859,"z":176.31636047363,"prophash":1569441794,"x":-2721.7016601562},"-224.0--2687.3874511719":{"heading":-224.0,"y":685.83703613281,"z":179.34422302246,"prophash":176262747,"x":-2687.3874511719},"87.0-8.9018402099609":{"heading":87.0,"y":1550.1284179688,"z":113.60320281982,"x":8.9018402099609,"prophash":102543223},"0.0-5.23291015625":{"heading":0.0,"y":1514.2618408203,"z":115.33278656006,"x":5.23291015625,"prophash":-96662597},"0.0-1038.2774658203":{"heading":0.0,"y":1647.2614746094,"z":378.68005371094,"x":1038.2774658203,"prophash":899133938},"0.0--2727.0390625":{"heading":0.0,"y":700.34503173828,"z":176.76216125488,"prophash":-544132417,"x":-2727.0390625},"-131.0-778.81860351563":{"heading":-131.0,"y":844.18505859375,"z":122.46817779541,"x":778.81860351563,"prophash":-736911484},"0.0--14.1994972229":{"heading":0.0,"y":1518.0938720703,"z":114.4935836792,"x":-14.1994972229,"prophash":-544132417},"0.0-1113.4581298828":{"heading":0.0,"y":1667.4243164062,"z":376.14065551758,"x":1113.4581298828,"prophash":-1287050084},"236.0--6.7678909301758":{"heading":236.0,"y":1535.0174560547,"z":114.07733917236,"x":-6.7678909301758,"prophash":-1182490845},"0.0--2.8518924713135":{"heading":0.0,"y":1519.6657714844,"z":114.79375457764,"x":-2.8518924713135,"prophash":-544132417},"0.0-1042.9389648438":{"heading":0.0,"y":1636.6201171875,"z":378.0009765625,"x":1042.9389648438,"prophash":-544132417},"-146.0-1040.7166748047":{"heading":-146.0,"y":1675.3679199219,"z":376.08227539062,"x":1040.7166748047,"prophash":-1287050084},"0.0-440.86361694336":{"heading":0.0,"y":1725.2375488281,"z":131.50491333008,"x":440.86361694336,"prophash":-1194833913},"0.0--20.295850753784":{"heading":0.0,"y":1495.4929199219,"z":115.96923828125,"x":-20.295850753784,"prophash":-965956337},"0.0-1112.1737060547":{"heading":0.0,"y":1667.7531738281,"z":376.59637451172,"x":1112.1737060547,"prophash":-544132417},"0.0-1047.0942382812":{"heading":0.0,"y":1655.9940185547,"z":380.77352905273,"x":1047.0942382812,"prophash":-544132417},"-76.0--1388.7044677734":{"heading":-76.0,"y":-1067.8706054688,